"filename", "language", "Ini", "Markdown", "YAML", "Python", "toml", "comment", "blank", "total"
"d:\script\mdkits\.pre-commit-config.yaml", "YAML", 0, 0, 29, 0, 0, 0, 1, 30
"d:\script\mdkits\README.md", "Markdown", 0, 280, 0, 0, 0, 0, 26, 306
"d:\script\mdkits\docs\development.md", "Markdown", 0, 45, 0, 0, 0, 0, 29, 74
"d:\script\mdkits\poetry.lock", "toml", 0, 0, 0, 0, 1818, 0, 133, 1951
"d:\script\mdkits\src\mdkits\__init__.py", "Python", 0, 0, 0, 0, 0, 0, 1, 1
"d:\script\mdkits\src\mdkits\build_cli\__init__.py", "Python", 0, 0, 0, 0, 0, 0, 1, 1
"d:\script\mdkits\src\mdkits\build_cli\adsorbate.py", "Python", 0, 0, 0, 38, 0, 2, 14, 54
"d:\script\mdkits\src\mdkits\build_cli\build_bulk.py", "Python", 0, 0, 0, 21, 0, 8, 9, 38
"d:\script\mdkits\src\mdkits\build_cli\build_cli.py", "Python", 0, 0, 0, 23, 0, 6, 5, 34
"d:\script\mdkits\src\mdkits\build_cli\build_interface.py", "Python", 0, 0, 0, 61, 0, 1, 12, 74
"d:\script\mdkits\src\mdkits\build_cli\build_solution.py", "Python", 0, 0, 0, 105, 0, 3, 26, 134
"d:\script\mdkits\src\mdkits\build_cli\build_surface.py", "Python", 0, 0, 0, 44, 0, 2, 13, 59
"d:\script\mdkits\src\mdkits\build_cli\cut_surface.py", "Python", 0, 0, 0, 57, 0, 5, 17, 79
"d:\script\mdkits\src\mdkits\build_cli\supercell.py", "Python", 0, 0, 0, 29, 0, 2, 11, 42
"d:\script\mdkits\src\mdkits\cli\convert.py", "Python", 0, 0, 0, 45, 0, 4, 16, 65
"d:\script\mdkits\src\mdkits\cli\data.py", "Python", 0, 0, 0, 64, 0, 4, 13, 81
"d:\script\mdkits\src\mdkits\cli\extract.py", "Python", 0, 0, 0, 74, 0, 5, 13, 92
"d:\script\mdkits\src\mdkits\cli\plot.py", "Python", 0, 0, 0, 201, 0, 36, 57, 294
"d:\script\mdkits\src\mdkits\config\__init__.py", "Python", 0, 0, 0, 20, 0, 8, 8, 36
"d:\script\mdkits\src\mdkits\config\settings.yml", "YAML", 0, 0, 4, 0, 0, 0, 1, 5
"d:\script\mdkits\src\mdkits\dft_cli\cube.py", "Python", 0, 0, 0, 22, 0, 5, 12, 39
"d:\script\mdkits\src\mdkits\dft_cli\dft_cli.py", "Python", 0, 0, 0, 13, 0, 1, 5, 19
"d:\script\mdkits\src\mdkits\dft_cli\pdos.py", "Python", 0, 0, 0, 29, 0, 3, 6, 38
"d:\script\mdkits\src\mdkits\md_cli\angle.py", "Python", 0, 0, 0, 93, 0, 1, 28, 122
"d:\script\mdkits\src\mdkits\md_cli\density.py", "Python", 0, 0, 0, 105, 0, 4, 31, 140
"d:\script\mdkits\src\mdkits\md_cli\dipole.py", "Python", 0, 0, 0, 96, 0, 1, 27, 124
"d:\script\mdkits\src\mdkits\md_cli\hb_distribution.py", "Python", 0, 0, 0, 147, 0, 2, 36, 185
"d:\script\mdkits\src\mdkits\md_cli\md_cli.py", "Python", 0, 0, 0, 26, 0, 1, 5, 32
"d:\script\mdkits\src\mdkits\md_cli\monitor.py", "Python", 0, 0, 0, 77, 0, 3, 24, 104
"d:\script\mdkits\src\mdkits\md_cli\msd.py", "Python", 0, 0, 0, 22, 0, 1, 7, 30
"d:\script\mdkits\src\mdkits\md_cli\rdf.py", "Python", 0, 0, 0, 37, 0, 1, 15, 53
"d:\script\mdkits\src\mdkits\md_cli\setting.py", "Python", 0, 0, 0, 11, 0, 0, 3, 14
"d:\script\mdkits\src\mdkits\md_cli\vac.py", "Python", 0, 0, 0, 47, 0, 1, 17, 65
"d:\script\mdkits\src\mdkits\md_cli\wrap.py", "Python", 0, 0, 0, 24, 0, 4, 9, 37
"d:\script\mdkits\src\mdkits\mdkits.py", "Python", 0, 0, 0, 24, 0, 1, 6, 31
"d:\script\mdkits\src\mdkits\util\__init__.py", "Python", 0, 0, 0, 0, 0, 0, 1, 1
"d:\script\mdkits\src\mdkits\util\arg_type.py", "Python", 0, 0, 0, 59, 0, 0, 19, 78
"d:\script\mdkits\src\mdkits\util\cp2k_input_parsing.py", "Python", 0, 0, 0, 20, 0, 20, 8, 48
"d:\script\mdkits\src\mdkits\util\encapsulated_ase.py", "Python", 0, 0, 0, 87, 0, 39, 20, 146
"d:\script\mdkits\src\mdkits\util\encapsulated_mda.py", "Python", 0, 0, 0, 47, 0, 4, 12, 63
"d:\script\mdkits\src\mdkits\util\fig_operation.py", "Python", 0, 0, 0, 24, 0, 0, 5, 29
"d:\script\mdkits\src\mdkits\util\numpy_geo.py", "Python", 0, 0, 0, 90, 0, 8, 27, 125
"d:\script\mdkits\src\mdkits\util\os_operation.py", "Python", 0, 0, 0, 28, 0, 0, 12, 40
"d:\script\mdkits\src\mdkits\util\out_err.py", "Python", 0, 0, 0, 20, 0, 3, 6, 29
"d:\script\mdkits\src\mdkits\util\structure_parsing.py", "Python", 0, 0, 0, 79, 0, 36, 33, 148
"d:\script\mdkits\tox.ini", "Ini", 23, 0, 0, 0, 0, 0, 4, 27
"Total", "-", 23, 325, 33, 2009, 1818, 225, 784, 5217